{"section":[
  {
    "name" : "如何给宝宝补充维生素A和D？",
    "url" : "wenda1",
    "item":  {
    "ID" : "37",
    "content" : "<p style=\"text-align:center;\"><img src=\"wenda1.jpg\" \/><\/p>\n<p>由于人乳及牛乳中维生素A和D含量较低，建议非配方奶喂养儿和冬季出生的母乳喂养儿从出生后第15天起按预防剂量进行补充。配方奶喂养儿应参考婴儿奶粉摄入量，当每天摄入维生素D达到400国际单位时，不必补充。一般维生素AD补充到2岁，夏天可适当减量或停用，冬天可适当延长。<\/p>\n",
    "title" : "如何给宝宝补充维生素A和D？",
    "thumbnail" : "wenda1",
    "category" : "营养问答",
    "introduction" : "<p>由于人乳及牛乳中维生素A和D含量较低，建议非配方奶喂养儿和冬季出生的母乳喂养儿从出生后第15天起按预防剂量进行补充。配方奶喂养儿应参考婴儿奶粉摄入量，当每天摄入维生素D达到400国际单位时，不必补充。一般维生素AD补充到2岁，夏天可适当减量或停用，冬天可适当延长。<\/p>\n"
  },

  },
  {
    "name" : "婴儿需要补DHA和AA吗？",
    "url" : "wenda2",
    "item":  {
    "ID" : "38",
    "content" : "<p style=\"text-align:center;\"><img src=\"wenda2.jpg\" \/><\/p><p>人体中约一半的DHA和AA是胎儿从母体中获得的，另一半是从母乳中获得的。早产儿由母体获得的DHA的量较少，如果婴儿出生后没有用母乳喂养或奶粉中缺乏DHA和AA，则婴儿的智力发育和视力发育将受到影响。因此，早产儿和人工喂养儿可在医生指导下适当补充DHA和AA。<\/p>\n",
    "title" : "婴儿需要补DHA和AA吗？",
    "thumbnail" : "wenda2",
    "category" : "营养问答",
    "introduction" : "<p>人体中约一半的DHA和AA是胎儿从母体中获得的，另一半是从母乳中获得的。早产儿由母体获得的DHA的量较少，如果婴儿出生后没有用母乳喂养或奶粉中缺乏DHA和AA，则婴儿的智力发育和视力发育将受到影响。因此，早产儿和人工喂养儿可在医生指导下适当补充DHA和AA。<\/p>\n"
  },
  },
  {
    "name" : "3个月婴儿能加果汁米粉吗？",
    "url" : "wenda3",
    "item":  {
    "ID" : "39",
    "content" : "<p style=\"text-align:center;\"><img src=\"wenda3.jpg\" \/><\/p><p>纯母乳喂养的婴儿在4～6个月内不需要补充其他食物。配方奶喂养的4个月内婴儿一般情况下也不需要添加其他食物，因为配方奶粉中已经添加了此期婴儿所需要的铁、钙和维生素等营养素。如果用普通牛奶或豆奶喂养，则应适当添加果汁和菜水。<\/p>\n",
    "title" : "3个月婴儿能加果汁米粉吗？",
    "thumbnail" : "wenda3",
    "category" : "营养问答",
    "introduction" : "<p>纯母乳喂养的婴儿在4～6个月内不需要补充其他食物。配方奶喂养的4个月内婴儿一般情况下也不需要添加其他食物，因为配方奶粉中已经添加了此期婴儿所需要的铁、钙和维生素等营养素。如果用普通牛奶或豆奶喂养，则应适当添加果汁和菜水。<\/p>"
  },
  },
  {
    "name" : "辅食添加何时开始？",
    "url" : "wenda4",
    "item": {
    "ID" : "40",
    "content" : "<p style=\"text-align:center;\"><img src=\"wenda4.jpg\" \/><\/p>\n<p>由于宝宝在4～6个月龄期间是适应不同口味的关键期，所以，满4个月后要给宝宝添加不同口味的食品。但由于此时消化能力还较弱，所以辅食添加主要目的是让宝宝适应不同口味，而不主要是增加营养。辅食量要循序渐进，同时要注意添加辅食后宝宝是否有消化不良、腹泻、过敏等表现。<\/p>\n",
    "title" : "辅食添加何时开始？",
    "thumbnail" : "wenda4",
    "category" : "营养问答",
    "introduction" : "<p>由于宝宝在4～6个月龄期间是适应不同口味的关键期，所以，满4个月后要给宝宝添加不同口味的食品。但由于此时消化能力还较弱，所以辅食添加主要目的是让宝宝适应不同口味，而不主要是增加营养。辅食量要循序渐进，同时要注意添加辅食后宝宝是否有消化不良、腹泻、过敏等表现。<\/p>\n"
  },
  },
  {
    "name" : "添加辅食的首选食品是什么？",
    "url" : "wenda5",
    "item":  {
    "ID" : "41",
    "content" : "<p style=\"text-align:center;\"><img src=\"wenda5.jpg\" \/><\/p>\n<p>精细的谷类很少引起过敏反应，其中米粉比小麦粉较少引起过敏，是首选的最适宜的添加食品。4～6个月婴儿生理性缺铁性贫血的发生率较高，故最好选用为婴儿特制的含强化铁的米粉。在添加米粉1个星期后，可开始添加蔬菜和水果。可先从添加果汁、菜汁开始，当孩子适应后，再改为菜泥、果泥，最后过渡到小块状水果和蔬菜。<\/p>\n",
    "title" : "添加辅食的首选食品是什么？",
    "thumbnail" : "wenda5",
    "category" : "营养问答",
    "introduction" : "<p>精细的谷类很少引起过敏反应，其中米粉比小麦粉较少引起过敏，是首选的最适宜的添加食品。4～6个月婴儿生理性缺铁性贫血的发生率较高，故最好选用为婴儿特制的含强化铁的米粉。在添加米粉1个星期后，可开始添加蔬菜和水果。可先从添加果汁、菜汁开始，当孩子适应后，再改为菜泥、果泥，最后过渡到小块状水果和蔬菜。<\/p>\n"
  },
  },
  {
    "name" : "如何给宝宝制作辅食？",
    "url" : "wenda6",
    "item":  {
    "ID" : "42",
    "content" : "<p style=\"text-align:center;\"><img src=\"wenda6.jpg\" \/><\/p>\n<p>给宝宝制作辅食时，不要添加其他调味料或成分。不要放糖或盐，不要加油脂。不要添加苏打粉，虽然苏打粉可以保持食物色泽，却有损于维生素及矿物质。土豆要连皮一起蒸、烤或放入微波炉中，煮好后再剥皮。最好用蒸、加压或不加水的方法烹煮蔬菜，尽可能减少与光、空气、热和水接触，尽可能减少维生素的损失。<\/p>\n",
    "title" : "如何给宝宝制作辅食？",
    "thumbnail" : "wenda6",
    "category" : "营养问答",
    "introduction" : "<p>给宝宝制作辅食时，不要添加其他调味料或成分。不要放糖或盐，不要加油脂。不要添加苏打粉，虽然苏打粉可以保持食物色泽，却有损于维生素及矿物质。土豆要连皮一起蒸、烤或放入微波炉中，煮好后再剥皮。最好用蒸、加压或不加水的方法烹煮蔬菜，尽可能减少与光、空气、热和水接触，尽可能减少维生素的损失。<\/p>\n"
  },
  },
  {
    "name" : "如何添加碎末状食物？",
    "url" : "wenda7",
    "item":  {
    "ID" : "43",
    "content" : "<p style=\"text-align:center;\"><img src=\"wenda7.jpg\" \/><\/p><p>7-9个月时，当孩子适应了泥糊状食物后，可以试着给孩子吃一些碎末状食物，锻炼孩子的咀嚼能力。可以先从碎菜试起，如果孩子能咀嚼并顺利咽下，可逐渐增加食物种类。10个月后，可增加肉末、肝末等。还可让孩子练习自己拿着饼干、苹果吃，这样既锻炼了孩子咀嚼能力，又培养了孩子手眼协调能力和生活自理能力。<\/p>\n",
    "title" : "如何添加碎末状食物？",
    "thumbnail" : "wenda7",
    "category" : "营养问答",
    "introduction" : "<p>7-9个月时，当孩子适应了泥糊状食物后，可以试着给孩子吃一些碎末状食物，锻炼孩子的咀嚼能力。可以先从碎菜试起，如果孩子能咀嚼并顺利咽下，可逐渐增加食物种类。10个月后，可增加肉末、肝末等。还可让孩子练习自己拿着饼干、苹果吃，这样既锻炼了孩子咀嚼能力，又培养了孩子手眼协调能力和生活自理能力。<\/p>\n"
  },
  },
  {
    "name" : "如何添加鸡蛋？",
    "url" : "wenda8",
    "item":  {
    "ID" : "44",
    "content" : "<p style=\"text-align:center;\"><img src=\"wenda8.jpg\" \/><\/p><p>一般7-9个月左右，当添加了强化铁的米粉及蔬菜、水果后，可酌情添加鸡蛋。蛋黄比蛋清较少引起过敏，所以先从蛋黄加起。作为一种新添加的食物，应从1／4个蛋黄喂起，先将煮老的蛋黄(开锅后再煮10分钟)用勺压成泥状，再用母乳、配方奶或白开水调成糊喂给孩子，也可将蛋黄加到米粉糊或面片中喂孩子。<\/p>\n",
    "title" : "如何添加鸡蛋？",
    "thumbnail" : "wenda8",
    "category" : "营养问答",
    "introduction" : "<p>一般7-9个月左右，当添加了强化铁的米粉及蔬菜、水果后，可酌情添加鸡蛋。蛋黄比蛋清较少引起过敏，所以先从蛋黄加起。作为一种新添加的食物，应从1／4个蛋黄喂起，先将煮老的蛋黄(开锅后再煮10分钟)用勺压成泥状，再用母乳、配方奶或白开水调成糊喂给孩子，也可将蛋黄加到米粉糊或面片中喂孩子。<\/p>\n"
  },
  },
  {
    "name" : "如何对付挑食宝宝？",
    "url" : "wenda9",
    "item":  {
    "ID" : "45",
    "content" : "<p style=\"text-align:center;\"><img src=\"wenda9.jpg\" \/><\/p><p>9个月宝宝可能会出现偏食的现象。家长要试着给他多种多样的食物，让宝宝对食物感兴趣。比如，宝宝不爱吃碎菜或肉末，就可以把它们混在粥内或包成馄饨来喂；宝宝不爱吃鸡蛋羹，就可以煮鸡蛋或者荷包鸡蛋给宝宝吃等等。总而言之，要想方设法变着花样给宝宝吃。<\/p>\n",
    "title" : "如何对付挑食宝宝？",
    "thumbnail" : "wenda9",
    "category" : "营养问答",
    "introduction" : "<p>9个月宝宝可能会出现偏食的现象。家长要试着给他多种多样的食物，让宝宝对食物感兴趣。比如，宝宝不爱吃碎菜或肉末，就可以把它们混在粥内或包成馄饨来喂；宝宝不爱吃鸡蛋羹，就可以煮鸡蛋或者荷包鸡蛋给宝宝吃等等。总而言之，要想方设法变着花样给宝宝吃。<\/p>"
  },
  },
  {
    "name" : "哪些食品宝宝要少吃？",
    "url" : "wenda10",
    "item":  {
    "ID" : "46",
    "content" : "<p style=\"text-align:center;\"><img src=\"wenda10.jpg\" \/><\/p><p>10个月的宝宝已经到了断奶后期，饮食基本上都是断奶食品，爸爸妈妈在为宝宝准备食物的时候，也有应该回避的食品。一般应回避的食品有以下几种：某些贝类和鱼类：如乌贼、章鱼、鲍鱼以及用调料煮的鱼贝类小菜、干鱿鱼等。蔬菜类：牛蒡、藕、腌菜等不易消化的食物。香辣味调料：芥末、胡椒、姜、大蒜和咖喱粉等辛辣调味品。<\/p>\n",
    "title" : "哪些食品宝宝要少吃？",
    "thumbnail" : "wenda10",
    "category" : "营养问答",
    "introduction" : "<p>10个月的宝宝已经到了断奶后期，饮食基本上都是断奶食品，爸爸妈妈在为宝宝准备食物的时候，也有应该回避的食品。一般应回避的食品有以下几种：某些贝类和鱼类：如乌贼、章鱼、鲍鱼以及用调料煮的鱼贝类小菜、干鱿鱼等。蔬菜类：牛蒡、藕、腌菜等不易消化的食物。香辣味调料：芥末、胡椒、姜、大蒜和咖喱粉等辛辣调味品。<\/p>\n"
  },
  },
  {
    "name" : "宝宝的饮食如何搭配？",
    "url" : "wenda11",
    "item":  {
    "ID" : "47",
    "content" : "<p style=\"text-align:center;\"><img src=\"wenda11.jpg\" \/><\/p><p>宝宝断乳后，谷类食品就成为主食，因为热能的来源大部分也靠谷类食品提供。因此，宝宝的膳食安排要以米、面为主，同时搭配动物食品及蔬菜、水果、禽、蛋、鱼、豆制品等。在食物的搭配制作上也要多样化，最好能经常更换花样，如小包子、小饺子、馄饨、馒头、花卷等，以提高宝宝的食欲和兴趣。<\/p>\n",
    "title" : "宝宝的饮食如何搭配？",
    "thumbnail" : "wenda11",
    "category" : "营养问答",
    "introduction" : "<p>宝宝断乳后，谷类食品就成为主食，因为热能的来源大部分也靠谷类食品提供。因此，宝宝的膳食安排要以米、面为主，同时搭配动物食品及蔬菜、水果、禽、蛋、鱼、豆制品等。在食物的搭配制作上也要多样化，最好能经常更换花样，如小包子、小饺子、馄饨、馒头、花卷等，以提高宝宝的食欲和兴趣。<\/p>"
  },
  },
  {
    "name" : "水果能替代蔬菜吗？",
    "url" : "wenda12",
    "item":  {
    "ID" : "48",
    "content" : "<p style=\"text-align:center;\"><img src=\"wenda12.jpg\" \/><\/p><p>蔬菜和水果所含营养素各有不同，均对小儿有益，二者不能互相替代。孩子天生喜欢甜味，因此也容易接受大多数水果。蔬菜口味比较淡，某些还带有特殊的味道如香椿、芹菜等，如在添加辅食阶段没有接触过，以后孩子较难接受他们。最有效的方法是在添加辅食时给孩子尝试各种深绿色及橙黄色蔬菜，使他们熟悉各种蔬菜的味道。<\/p>\n",
    "title" : "水果能替代蔬菜吗？",
    "thumbnail" : "wenda12",
    "category" : "营养问答",
    "introduction" : "<p>蔬菜和水果所含营养素各有不同，均对小儿有益，二者不能互相替代。孩子天生喜欢甜味，因此也容易接受大多数水果。蔬菜口味比较淡，某些还带有特殊的味道如香椿、芹菜等，如在添加辅食阶段没有接触过，以后孩子较难接受他们。最有效的方法是在添加辅食时给孩子尝试各种深绿色及橙黄色蔬菜，使他们熟悉各种蔬菜的味道。<\/p>"
  },
  },
  {
    "name" : "如何培养宝宝良好的饮食习惯？",
    "url" : "wenda13",
    "item":  {
    "ID" : "49",
    "content" : "<p style=\"text-align:center;\"><img src=\"wenda13.jpg\" \/><\/p><p>培养宝宝良好的饮食习惯是保证宝宝营养均衡、身体健康以及身心正常发育的重要前提。宝宝正确的饮食习惯应该是：固定就餐时间，饭前不吃零食，心情愉快的用餐，就餐时专心致志即用餐时不宜边吃边看电视或玩耍。<\/p>\n",
    "title" : "如何培养宝宝良好的饮食习惯？",
    "thumbnail" : "wenda13",
    "category" : "营养问答",
    "introduction" : "<p>培养宝宝良好的饮食习惯是保证宝宝营养均衡、身体健康以及身心正常发育的重要前提。宝宝正确的饮食习惯应该是：固定就餐时间，饭前不吃零食，心情愉快的用餐，就餐时专心致志即用餐时不宜边吃边看电视或玩耍。<\/p>"
  },
  },
  {
    "name" : "宝宝多大可以喝豆浆？",
    "url" : "wenda14",
    "item":  {
    "ID" : "50",
    "content" : "<p style=\"text-align:center;\"><img src=\"wenda14.jpg\" \/><\/p><p>一岁以后的幼儿可以喝豆浆。豆浆中富含人体所需的脂肪和蛋白质，适当饮用好处多，但要防止一次喝得过多，以免蛋白质过敏。未满周岁的婴儿不宜喝豆浆。因这个年龄段的宝宝肠胃功能尚未发育完全，胃内还没有分解豆类的消化酶。另外豆浆也不可以替代母乳和奶粉。<\/p>\n",
    "title" : "宝宝多大可以喝豆浆？",
    "thumbnail" : "wenda14",
    "category" : "营养问答",
    "introduction" : "<p>一岁以后的幼儿可以喝豆浆。豆浆中富含人体所需的脂肪和蛋白质，适当饮用好处多，但要防止一次喝得过多，以免蛋白质过敏。未满周岁的婴儿不宜喝豆浆。因这个年龄段的宝宝肠胃功能尚未发育完全，胃内还没有分解豆类的消化酶。另外豆浆也不可以替代母乳和奶粉。<\/p>\n"
  },
  },
  {
    "name" : "如何给宝宝喝水？",
    "url" : "wenda15",
    "item":  {
    "ID" : "51",
    "content" : "<p style=\"text-align:center;\"><img src=\"wenda15.jpg\" \/><\/p><p>宝宝（1～3岁）每天每公斤体重需水量为100～160毫升，是成人的3～4倍，婴幼儿的新陈代谢旺盛，身体机能还不完善，所以要及时给宝宝补充水分。白开水是宝宝的最佳选择。宝宝腹泻呕吐时可喝点小米汤、苹果水、胡萝卜水，便秘时可喝白萝卜水与青菜水通气。<\/p>\n",
    "title" : "如何给宝宝喝水？",
    "thumbnail" : "wenda15",
    "category" : "营养问答",
    "introduction" : "<p>宝宝（1～3岁）每天每公斤体重需水量为100～160毫升，是成人的3～4倍，婴幼儿的新陈代谢旺盛，身体机能还不完善，所以要及时给宝宝补充水分。白开水是宝宝的最佳选择。宝宝腹泻呕吐时可喝点小米汤、苹果水、胡萝卜水，便秘时可喝白萝卜水与青菜水通气。<\/p>"
  },
  },
  {
    "name" : "宝宝补钙要补到何时？",
    "url" : "wenda16",
    "item":  {
    "ID" : "52",
    "content" : "<p style=\"text-align:center;\"><img src=\"wenda16.jpg\" \/><\/p><p>不同年龄段孩子有不同的钙需求。1至3岁幼儿的适宜摄入量为600毫克\/天。补钙没有周期，只要缺钙就要补。比如宝宝当天喝了300到500毫升的奶，钙摄入比较多，就不用额外补钙。但若宝宝长期挑食、奶吃得不够，就需要补钙。<\/p>\n",
    "title" : "宝宝补钙要补到何时？",
    "thumbnail" : "wenda16",
    "category" : "营养问答",
    "introduction" : "<p>不同年龄段孩子有不同的钙需求。1至3岁幼儿的适宜摄入量为600毫克\/天。补钙没有周期，只要缺钙就要补。比如宝宝当天喝了300到500毫升的奶，钙摄入比较多，就不用额外补钙。但若宝宝长期挑食、奶吃得不够，就需要补钙。<\/p>"
  },
  },
  {
    "name" : "如何让宝宝爱上吃蔬菜？",
    "url" : "wenda17",
    "item":  {
    "ID" : "53",
    "content" : "<p style=\"text-align:center;\"><img src=\"wenda17.jpg\" \/><\/p><p>让宝宝爱上蔬菜的方法在于：1、不强迫宝宝吃菜；2、充分利用蔬菜鲜艳的色彩和形状巧做花样，且经常变换花样；3、有异味的蔬菜尽量剁烂、滤干，或加入一些苹果汁和酸乳酪，再喂给宝宝吃；4、大人不要在宝宝面前批评食物的好坏；5、让宝宝参与选择和制作蔬菜。<\/p>\n",
    "title" : "如何让宝宝爱上吃蔬菜？",
    "thumbnail" : "wenda17",
    "category" : "营养问答",
    "introduction" : "<p>让宝宝爱上蔬菜的方法在于：1、不强迫宝宝吃菜；2、充分利用蔬菜鲜艳的色彩和形状巧做花样，且经常变换花样；3、有异味的蔬菜尽量剁烂、滤干，或加入一些苹果汁和酸乳酪，再喂给宝宝吃；4、大人不要在宝宝面前批评食物的好坏；5、让宝宝参与选择和制作蔬菜。<\/p>"
  },
  },
  {
    "name" : "宝宝不吃饭怎么办？",
    "url" : "wenda18",
    "item": {
    "ID" : "54",
    "content" : "<p style=\"text-align:center;\"><img src=\"wenda18.jpg\" \/><\/p><p>宝宝不爱吃饭原因很多。聪明的妈妈们要找到原因，学会有技巧地让宝宝进食，合理安排好宝宝的饮食。对此妈妈也要放轻松，1～3岁的宝宝饮食量不是很稳定。如果宝宝这两天不好好吃东西，不要着急，过两天他自会多吃补回来。<\/p>\n",
    "title" : "宝宝不吃饭怎么办？",
    "thumbnail" : "wenda18",
    "category" : "营养问答",
    "introduction" : "<p>宝宝不爱吃饭原因很多。聪明的妈妈们要找到原因，学会有技巧地让宝宝进食，合理安排好宝宝的饮食。对此妈妈也要放轻松，1～3岁的宝宝饮食量不是很稳定。如果宝宝这两天不好好吃东西，不要着急，过两天他自会多吃补回来。<\/p>"
  },
  },
  {
    "name" : "日常生活中如何帮宝宝补钙？",
    "url" : "wenda19",
    "item":  {
    "ID" : "55",
    "content" : "<p style=\"text-align:center;\"><img src=\"wenda19.jpg\" \/><\/p><p>方法有：1、鼓励宝宝多喝含钙质的饮料，如鲜奶、酸奶等。2、平常煮汤时多选一些大骨头来熬汤，再加几滴醋，更可增进钙质吸收。3、常吃黑芝麻制品，黑芝麻是便宜又好吃的植物性钙质来源。4、常吃豆干类食物。5、吃含钙量高的蔬菜，并喝掉煮菜的汤汁。<\/p>\n",
    "title" : "日常生活中如何帮宝宝补钙？",
    "thumbnail" : "wenda19",
    "category" : "营养问答",
    "introduction" : "<p>方法有：1、鼓励宝宝多喝含钙质的饮料，如鲜奶、酸奶等。2、平常煮汤时多选一些大骨头来熬汤，再加几滴醋，更可增进钙质吸收。3、常吃黑芝麻制品，黑芝麻是便宜又好吃的植物性钙质来源。4、常吃豆干类食物。5、吃含钙量高的蔬菜，并喝掉煮菜的汤汁。<\/p>"
  },
  },
  {
    "name" : "两岁以下宝宝可以喝鲜榨果汁吗？",
    "url" : "wenda20",
    "item":  {
    "ID" : "56",
    "content" : "<p style=\"text-align:center;\"><img src=\"wenda20.jpg\" \/><\/p><p>两岁以下婴幼儿不宜饮用鲜榨果汁，如果要喝一定要兑水或米汤。鲜榨果汁糖分多，过量的糖分会对幼儿肠道产生不良的刺激，同时还易养成孩子嗜甜的习惯。另外鲜榨果汁内矿物质多，对两岁以下孩子的肾脏造成负担，导致肾脏排泄困难。<\/p>\n",
    "title" : "两岁以下宝宝可以喝鲜榨果汁吗？",
    "thumbnail" : "wenda20",
    "category" : "营养问答",
    "introduction" : "<p>两岁以下婴幼儿不宜饮用鲜榨果汁，如果要喝一定要兑水或米汤。鲜榨果汁糖分多，过量的糖分会对幼儿肠道产生不良的刺激，同时还易养成孩子嗜甜的习惯。另外鲜榨果汁内矿物质多，对两岁以下孩子的肾脏造成负担，导致肾脏排泄困难。<\/p>"
  },
  },
  {
    "name" : "宝宝吃水果要注意什么？",
    "url" : "wenda21",
    "item":  {
    "ID" : "57",
    "content" : "<p style=\"text-align:center;\"><img src=\"wenda21.jpg\" \/><\/p><p>注意事项有：1、挑选当季水果；2、吃水果的最佳时间为两餐之间，餐前吃水果会影响正餐的摄取，饭后立即吃水果易胀气；3、水果要与宝宝体质相宜；4、水果不能代替蔬菜；5、吃水果的量要有节制，多了会影响食欲；6、水果要清洗干净。<\/p>\n",
    "title" : "宝宝吃水果要注意什么？",
    "thumbnail" : "wenda21",
    "category" : "营养问答",
    "introduction" : "<p>注意事项有：1、挑选当季水果；2、吃水果的最佳时间为两餐之间，餐前吃水果会影响正餐的摄取，饭后立即吃水果易胀气；3、水果要与宝宝体质相宜；4、水果不能代替蔬菜；5、吃水果的量要有节制，多了会影响食欲；6、水果要清洗干净。<\/p>"
  },
  },
  {
    "name" : "宝宝如何补碘？",
    "url" : "wenda22",
    "item":  {
    "ID" : "58",
    "content" : "<p style=\"text-align:center;\"><img src=\"wenda22.jpg\" \/><\/p><p>碘是人体各个时期所必需的微量元素之一。婴幼儿缺碘，会影响大脑发育。海带和紫菜是日常生活中补碘的较好食品。经常吃海带不但可以补充体内的碘，而且还可以同时摄入其他种类的微量元素、氨基酸和维生素等。而紫菜含有较高的碘和人体不可缺少的无机盐。<\/p>\n",
    "title" : "宝宝如何补碘？",
    "thumbnail" : "wenda22",
    "category" : "营养问答",
    "introduction" : "<p>碘是人体各个时期所必需的微量元素之一。婴幼儿缺碘，会影响大脑发育。海带和紫菜是日常生活中补碘的较好食品。经常吃海带不但可以补充体内的碘，而且还可以同时摄入其他种类的微量元素、氨基酸和维生素等。而紫菜含有较高的碘和人体不可缺少的无机盐。<\/p>"
  },
  },
  {
    "name" : "宝宝爱甜食怎么办？",
    "url" : "wenda23",
    "item":  {
    "ID" : "59",
    "content" : "<p style=\"text-align:center;\"><img src=\"wenda23.jpg\" \/><\/p><p>过多的甜食会影响宝宝的健康成长，易导致营养不良、肥胖、脱钙等，降低宝宝身体免疫力，危害牙齿健康。对于父母而言，首先要做的是减少购买甜食。其次，尽量购买高营养量的甜食。第三，规定宝宝对甜食的摄入量。<\/p>\n",
    "title" : "宝宝爱甜食怎么办？",
    "thumbnail" : "wenda23",
    "category" : "营养问答",
    "introduction" : "<p>过多的甜食会影响宝宝的健康成长，易导致营养不良、肥胖、脱钙等，降低宝宝身体免疫力，危害牙齿健康。对于父母而言，首先要做的是减少购买甜食。其次，尽量购买高营养量的甜食。第三，规定宝宝对甜食的摄入量。<\/p>"
  },
  },
  {
    "name" : "怎样洞察到宝宝有没有微量元素缺乏症？",
    "url" : "wenda24",
    "item":  {
    "ID" : "60",
    "content" : "<p style=\"text-align:center;\"><img src=\"wenda24.jpg\" \/><\/p><p>一般而言，儿童如果出现厌食、挑食、食欲不振、生长发育迟缓、反复感冒、口腔溃疡、贫血等症状时，都可能与缺乏某种微量元素有关。微量元素在人体中的分量虽然很少，但重要性并不小。因此当宝宝出现以上症状时，不妨给宝宝做个微量元素检测。<\/p>\n",
    "title" : "怎样洞察到宝宝有没有微量元素缺乏症？",
    "thumbnail" : "wenda24",
    "category" : "营养问答",
    "introduction" : "<p>一般而言，儿童如果出现厌食、挑食、食欲不振、生长发育迟缓、反复感冒、口腔溃疡、贫血等症状时，都可能与缺乏某种微量元素有关。微量元素在人体中的分量虽然很少，但重要性并不小。因此当宝宝出现以上症状时，不妨给宝宝做个微量元素检测。<\/p>"
  },
  },
  {
    "name" : "如何应对宝宝挑食？",
    "url" : "wenda25",
    "item":  {
    "ID" : "61",
    "content" : "<p style=\"text-align:center;\"><img src=\"wenda25.jpg\" \/><\/p><p>可尝试以下方法：1、让宝宝适度体验饥饿。2、限制零食，餐前一小时不喝饮料和吃点心。3、营造快乐进食气氛，减少进餐分心，如电视玩具等。4、当孩子哭闹不肯吃时，移开食品，采取暂时隔离法不理他。5、多让孩子自己选择食物。6、用趣味名称称呼食品。<\/p>\n",
    "title" : "如何应对宝宝挑食？",
    "thumbnail" : "wenda25",
    "category" : "营养问答",
    "introduction" : "<p>可尝试以下方法：1、让宝宝适度体验饥饿。2、限制零食，餐前一小时不喝饮料和吃点心。3、营造快乐进食气氛，减少进餐分心，如电视玩具等。4、当孩子哭闹不肯吃时，移开食品，采取暂时隔离法不理他。5、多让孩子自己选择食物。6、用趣味名称称呼食品。<\/p>"
  },
  },
  {
    "name" : "宝宝吃苹果好处多多?",
    "url" : "wenda26",
    "item":  {
    "ID" : "62",
    "content" : "<p style=\"text-align:center;\"><img src=\"wenda26.jpg\" \/><\/p><p>苹果营养丰富，可开胃润肺止咳，吃法不同功效不同。宝宝消化不良时，吃加温的熟苹果泥，可止泻。宝宝排便不通畅时，生食苹果较适宜，能促进通便。对于食用配方奶而便秘的宝宝，可吃一些苹果泥。宝宝咳嗽并嘶哑时，把生苹果榨成汁给宝宝喝，可以润肺止咳。<\/p>\n",
    "title" : "宝宝吃苹果好处多多?",
    "thumbnail" : "wenda26",
    "category" : "营养问答",
    "introduction" : "<p>苹果营养丰富，可开胃润肺止咳，吃法不同功效不同。宝宝消化不良时，吃加温的熟苹果泥，可止泻。宝宝排便不通畅时，生食苹果较适宜，能促进通便。对于食用配方奶而便秘的宝宝，可吃一些苹果泥。宝宝咳嗽并嘶哑时，把生苹果榨成汁给宝宝喝，可以润肺止咳。<\/p>"
  },
  },
  {
    "name" : "如何给宝宝做蔬菜美食？",
    "url" : "wenda27",
    "item":  {
    "ID" : "63",
    "content" : "<p style=\"text-align:center;\"><img src=\"wenda27.jpg\" \/><\/p><p>做给宝贝吃的蔬菜别烧煮太久。蔬菜中的维生素都怕热、怕煮，维生素c遇热更容易氧化。正确做法是：用大火快炒蔬菜，这样不仅色美味好，而且菜里的营养素损失得也最少。若在烧菜时加些醋，还很利于维生素的保存。<\/p>\n",
    "title" : "如何给宝宝做蔬菜美食？",
    "thumbnail" : "wenda27",
    "category" : "营养问答",
    "introduction" : "<p>做给宝贝吃的蔬菜别烧煮太久。蔬菜中的维生素都怕热、怕煮，维生素c遇热更容易氧化。正确做法是：用大火快炒蔬菜，这样不仅色美味好，而且菜里的营养素损失得也最少。若在烧菜时加些醋，还很利于维生素的保存。<\/p>"
  },
  },
  {
    "name" : "如何给宝宝吃糖？",
    "url" : "wenda28",
    "item":  {
    "ID" : "64",
    "content" : "<p style=\"text-align:center;\"><img src=\"wenda28.jpg\" \/><\/p><p>糖果类零食热量高，食用过多易造成龋齿。因此妈咪们要把好关，让宝宝适量吃糖。一般每天吃两块糖果足够，且最好在午餐与晚餐之间吃。若宝宝偏瘦，可选奶糖，以补充蛋白质和热量；如宝宝缺钙，可选钙质酥糖等。而巧克力、咖啡、可可类糖果则不要给宝宝吃得太多。<\/p>\n",
    "title" : "如何给宝宝吃糖？",
    "thumbnail" : "wenda28",
    "category" : "营养问答",
    "introduction" : "<p>糖果类零食热量高，食用过多易造成龋齿。因此妈咪们要把好关，让宝宝适量吃糖。一般每天吃两块糖果足够，且最好在午餐与晚餐之间吃。若宝宝偏瘦，可选奶糖，以补充蛋白质和热量；如宝宝缺钙，可选钙质酥糖等。而巧克力、咖啡、可可类糖果则不要给宝宝吃得太多。<\/p>\n"
  },
  },
  {
    "name" : "如何为宝宝挑选肉类食物？",
    "url" : "wenda29",
    "item":  {
    "ID" : "65",
    "content" : "<p style=\"text-align:center;\"><img src=\"wenda29.jpg\" \/><\/p><p>根据以下两原则：1、越小的动物越好。日常生活中的最佳肉食当数虾肉、鱼肉、鹅肉、鸭肉、鸡肉，其次才是羊肉、猪肉和牛肉。2、颜色浅的肉类营养成分越好。故无色或浅色的肉类（如蟹肉、鸡肉、鱼肉等）营养大于色泽鲜红的红肉（猪肉、牛肉、羊肉等）。<\/p>\n",
    "title" : "如何为宝宝挑选肉类食物？",
    "thumbnail" : "wenda29",
    "category" : "营养问答",
    "introduction" : "<p>根据以下两原则：1、越小的动物越好。日常生活中的最佳肉食当数虾肉、鱼肉、鹅肉、鸭肉、鸡肉，其次才是羊肉、猪肉和牛肉。2、颜色浅的肉类营养成分越好。故无色或浅色的肉类（如蟹肉、鸡肉、鱼肉等）营养大于色泽鲜红的红肉（猪肉、牛肉、羊肉等）。<\/p>"
  },
  },
  {
    "name" : "如何给宝宝补铁？",
    "url" : "wenda30",
    "item":  {
    "ID" : "66",
    "content" : "<p style=\"text-align:center;\"><img src=\"wenda30.jpg\" \/><\/p><p>给宝宝补铁，可以适当添加些动物性食品在宝宝的食谱中，如瘦肉末、肝泥、鱼肉茸、动物血，从少到多，逐渐增加。同时，给宝宝多吃一些含丰富维生素C的水果，如猕猴桃、柑橘等，对提高铁的吸收率有好处。<\/p>\n",
    "title" : "如何给宝宝补铁？",
    "thumbnail" : "wenda30",
    "category" : "营养问答",
    "introduction" : "<p>给宝宝补铁，可以适当添加些动物性食品在宝宝的食谱中，如瘦肉末、肝泥、鱼肉茸、动物血，从少到多，逐渐增加。同时，给宝宝多吃一些含丰富维生素C的水果，如猕猴桃、柑橘等，对提高铁的吸收率有好处。<\/p>"
  },
  },
  {
    "name" : "宝宝怎样吃零食更科学？",
    "url" : "wenda31",
    "item":  {
    "ID" : "67",
    "content" : "<p style=\"text-align:center;\"><img src=\"wenda31.jpg\" \/><\/p><p>宝宝吃零食很有讲究，零食宜安排在饭前2小时吃，量以不影响正常食欲为原则。切记宝宝的胃不能填太多东西，1－3岁宝宝胃的容量在200毫升左右，一般零食的量应在几十毫升内，否则会影响下一餐的进食。吃零食的量或时间不适宜是一些宝宝不好好吃饭最主要的原因。<\/p>\n",
    "title" : "宝宝怎样吃零食更科学？",
    "thumbnail" : "wenda31",
    "category" : "营养问答",
    "introduction" : "<p>宝宝吃零食很有讲究，零食宜安排在饭前2小时吃，量以不影响正常食欲为原则。切记宝宝的胃不能填太多东西，1－3岁宝宝胃的容量在200毫升左右，一般零食的量应在几十毫升内，否则会影响下一餐的进食。吃零食的量或时间不适宜是一些宝宝不好好吃饭最主要的原因。<\/p>\n"
  },
  },
  {
    "name" : "哪些零食宝宝一定要少吃？",
    "url" : "wenda32",
    "item":  {
    "ID" : "68",
    "content" : "<p style=\"text-align:center;\"><img src=\"wenda32.jpg\" \/><\/p><p>以下零食宝宝要少吃：1、泡泡糖：其增塑剂含微毒，其代谢物苯酚对人体有害。2、果冻：多含多种食品添加剂。3、巧克力：吃多影响孩子食欲，易造成焦虑、心跳加快。4、爆米花：含铅量高；5、葵花籽：含不饱和脂肪酸。6、烤羊肉串：熏烤过程中会产生致癌物。<\/p>\n",
    "title" : "哪些零食宝宝一定要少吃？",
    "thumbnail" : "wenda32",
    "category" : "营养问答",
    "introduction" : "<p>以下零食宝宝要少吃：1、泡泡糖：其增塑剂含微毒，其代谢物苯酚对人体有害。2、果冻：多含多种食品添加剂。3、巧克力：吃多影响孩子食欲，易造成焦虑、心跳加快。4、爆米花：含铅量高；5、葵花籽：含不饱和脂肪酸。6、烤羊肉串：熏烤过程中会产生致癌物。<\/p>"
  },
  },
  {
    "name" : "适合宝宝吃的零食有哪些？",
    "url" : "wenda33",
    "item": {
    "ID" : "69",
    "content" : "<p style=\"text-align:center;\"><img src=\"wenda33.jpg\" \/><\/p><p>主要有：1、奶和奶制品，如牛奶、酸奶等含钙丰富，有益骨骼和牙齿生长；2、新鲜蔬菜和各种水果，含丰富的维生素、矿物质和膳食纤维，有益健康；3、坚果类，如瓜子、花生、核桃、栗子等，含丰富的微量元素，强身益脑。不要给孩子吃太多含糖高、膨化、油炸食品。<\/p>\n",
    "title" : "适合宝宝吃的零食有哪些？",
    "thumbnail" : "wenda33",
    "category" : "营养问答",
    "introduction" : "<p>主要有：1、奶和奶制品，如牛奶、酸奶等含钙丰富，有益骨骼和牙齿生长；2、新鲜蔬菜和各种水果，含丰富的维生素、矿物质和膳食纤维，有益健康；3、坚果类，如瓜子、花生、核桃、栗子等，含丰富的微量元素，强身益脑。不要给孩子吃太多含糖高、膨化、油炸食品。<\/p>\n"
  },
  },
  {
    "name" : "宝宝吃南瓜有什么好处？",
    "url" : "wenda34",
    "item":  {
    "ID" : "70",
    "content" : "<p style=\"text-align:center;\"><img src=\"wenda34.jpg\" \/><\/p><p>南瓜营养丰富，含碳水化合物、蛋白质、萝卜素、维生素、钙、钾、磷等，易消化吸收。孩子吃南瓜，一可治病，帮助治疗蛔虫、糖尿病，减少麻疹的患病危险。二可改善秋燥症状，增强免疫力。三可补血，通便美容。南瓜除做成汤、糊外，还可煮粥、蒸食、煮饭等。<\/p>\n",
    "title" : "宝宝吃南瓜有什么好处？",
    "thumbnail" : "wenda34",
    "category" : "营养问答",
    "introduction" : "<p>南瓜营养丰富，含碳水化合物、蛋白质、萝卜素、维生素、钙、钾、磷等，易消化吸收。孩子吃南瓜，一可治病，帮助治疗蛔虫、糖尿病，减少麻疹的患病危险。二可改善秋燥症状，增强免疫力。三可补血，通便美容。南瓜除做成汤、糊外，还可煮粥、蒸食、煮饭等。<\/p>\n"
  },
  },
  {
    "name" : "如何给孩子补钙才有效？",
    "url" : "wenda35",
    "item":  {
    "ID" : "71",
    "content" : "<p style=\"text-align:center;\"><img src=\"wenda35.jpg\" \/><\/p><p>宝宝补钙不仅要吃钙片，还要注重食补，如常喝牛奶、吃豆类制品、小鱼、绿色蔬菜等。补钙的同时还需要补充其他的维生素，以辅助身体更好地吸收钙，否则难以吸收也会缺钙。每吃一粒钙片的同时需补10微克的维生素D，同时经常晒太阳。<\/p>\n",
    "title" : "如何给孩子补钙才有效？",
    "thumbnail" : "wenda35",
    "category" : "营养问答",
    "introduction" : "<p>宝宝补钙不仅要吃钙片，还要注重食补，如常喝牛奶、吃豆类制品、小鱼、绿色蔬菜等。补钙的同时还需要补充其他的维生素，以辅助身体更好地吸收钙，否则难以吸收也会缺钙。每吃一粒钙片的同时需补10微克的维生素D，同时经常晒太阳。<\/p>"
  },
  },
  {
    "name" : "哪些食物有助宝宝吃出好牙齿？",
    "url" : "wenda36",
    "item":  {
    "ID" : "72",
    "content" : "<p style=\"text-align:center;\"><img src=\"wenda36.jpg\" \/><\/p><p>有助宝宝牙齿健康的食物有：1、消除牙内细菌：吃橘子、猕猴桃、草莓、哈密瓜、木瓜；2、去除牙齿残留物：生吃胡萝卜、芹菜、花椰菜；3、强健牙釉质：吃芝麻、瓜子、南瓜子和坚果（4岁后）；4、改变口腔PH值：喝牛奶、酸奶，吃奶酪，大大降低蛀牙的几率。<\/p>\n",
    "title" : "哪些食物有助宝宝吃出好牙齿？",
    "thumbnail" : "wenda36",
    "category" : "营养问答",
    "introduction" : "<p>有助宝宝牙齿健康的食物有：1、消除牙内细菌：吃橘子、猕猴桃、草莓、哈密瓜、木瓜；2、去除牙齿残留物：生吃胡萝卜、芹菜、花椰菜；3、强健牙釉质：吃芝麻、瓜子、南瓜子和坚果（4岁后）；4、改变口腔PH值：喝牛奶、酸奶，吃奶酪，大大降低蛀牙的几率。<\/p>\n"
  }
  },
]
}
